{
    "ultimo_id": 91,
    "dados": [
        {
            "id": 82,
            "pos": [
                685,
                55
            ],
            "tipo": "Armazenamento",
            "energia": 3.7198676199015552,
            "tempo_proprio": 3670.691302261457,
            "fator_tempo": 0.728792580202886
        },
        {
            "id": 83,
            "pos": [
                362,
                432
            ],
            "tipo": "Armazenamento",
            "energia": 2.075184932719957,
            "tempo_proprio": 3962.4075336400338,
            "fator_tempo": 0.8280311055016227
        },
        {
            "id": 90,
            "pos": [
                368,
                225
            ],
            "tipo": "Armazenamento",
            "energia": 7.914301621791753,
            "tempo_proprio": 1042.849189104137,
            "fator_tempo": 0.5581784366911596
        }
    ]
}